student_id,course_code,classes_held,classes_attended
S1001,CS201,45,40
S1001,MA201,40,32
S1001,CS301,50,41
S1001,CS302,50,45
S1002,CS201,50,28
S1002,MA201,40,37
S1002,CS301,60,51
S1002,CS302,48,42
S1003,CS201,50,39
S1003,MA201,52,48
S1003,CS301,60,50
S1003,CS302,60,53
S1004,CS201,45,36
S1004,MA201,52,50
S1004,CS301,52,44
S1004,CS302,40,32
S1005,CS201,48,46
S1005,MA201,45,36
S1005,CS301,50,40
S1005,CS302,40,39
S1006,CS201,52,49
S1006,MA201,52,42
S1006,CS301,50,39
S1006,CS302,60,55
S1007,CS201,60,51
S1007,MA201,50,48
S1007,CS301,50,40
S1007,CS302,45,36
S1008,CS201,40,36
S1008,MA201,40,32
S1008,CS301,40,33
S1008,CS302,40,38
S1009,CS201,40,35
S1009,MA201,45,40
S1009,CS301,50,47
S1009,CS302,40,36
S1009,CS401,50,44
S1010,CS201,60,47
S1010,MA201,40,34
S1010,CS301,45,37
S1010,CS302,45,39
S1010,CS401,45,43
S1011,CS201,40,35
S1011,MA201,40,39
S1011,CS301,45,39
S1011,CS302,50,48
S1011,CS401,40,39
S1012,CS201,48,46
S1012,MA201,48,42
S1012,CS301,40,30
S1012,CS302,52,48
S1012,CS401,40,32
S1013,CS201,50,44
S1013,MA201,52,41
S1013,CS301,60,57
S1013,CS302,52,47
S1013,CS401,48,39
S1014,CS201,60,51
S1014,MA201,50,42
S1014,CS301,50,45
S1014,CS302,52,43
S1014,CS401,40,38
S1015,CS201,48,40
S1015,MA201,52,51
S1015,CS301,60,57
S1015,CS302,45,37
S1015,CS401,48,40
S1016,CS201,45,42
S1016,MA201,52,46
S1016,CS301,40,36
S1016,CS302,48,45
S1016,CS401,60,52
S1017,EC201,60,52
S1017,EC202,52,41
S1017,EC301,50,40
S1017,EC302,48,41
S1018,EC201,40,38
S1018,EC202,48,45
S1018,EC301,45,43
S1018,EC302,45,43
S1019,EC201,40,33
S1019,EC202,60,57
S1019,EC301,60,48
S1019,EC302,40,38
S1020,EC201,45,37
S1020,EC202,45,37
S1020,EC301,48,46
S1020,EC302,48,41
S1021,EC201,52,45
S1021,EC202,40,32
S1021,EC301,40,32
S1021,EC302,50,42
S1022,EC201,48,42
S1022,EC202,52,43
S1022,EC301,52,50
S1022,EC302,52,48
S1023,EC201,60,56
S1023,EC202,60,58
S1023,EC301,60,58
S1023,EC302,52,44
S1024,EC201,50,42
S1024,EC202,45,39
S1024,EC301,52,46
S1024,EC302,50,44
S1025,EC201,40,34
S1025,EC202,50,43
S1025,EC301,60,49
S1025,EC302,40,38
S1025,EC401,45,42
S1026,EC201,45,35
S1026,EC202,50,43
S1026,EC301,50,43
S1026,EC302,40,37
S1026,EC401,40,36
S1027,EC201,40,35
S1027,EC202,50,45
S1027,EC301,52,45
S1027,EC302,50,42
S1027,EC401,52,46
S1028,EC201,45,38
S1028,EC202,48,41
S1028,EC301,45,37
S1028,EC302,40,35
S1028,EC401,40,33
S1029,EC201,50,43
S1029,EC202,52,45
S1029,EC301,50,48
S1029,EC302,50,41
S1029,EC401,48,44
S1030,EC201,50,46
S1030,EC202,52,46
S1030,EC301,40,36
S1030,EC302,40,33
S1030,EC401,48,45
S1031,EC201,50,42
S1031,EC202,40,35
S1031,EC301,45,41
S1031,EC302,40,39
S1031,EC401,45,36
S1032,EC201,60,48
S1032,EC202,48,39
S1032,EC301,45,44
S1032,EC302,52,48
S1032,EC401,40,36
