student_id,course_code,exam_session,exam_type,internal_marks,external_marks,total_marks,max_marks,result
S1001,CS201,2025-DEC,REGULAR,16,6,22,100,FAIL
S1001,MA201,2025-DEC,REGULAR,26,51,77,100,PASS
S1002,CS201,2025-DEC,REGULAR,27,0,27,100,DETAINED
S1002,MA201,2025-DEC,REGULAR,25,41,66,100,PASS
S1003,CS201,2025-DEC,REGULAR,35,40,75,100,PASS
S1003,MA201,2025-DEC,REGULAR,32,30,62,100,PASS
S1004,CS201,2025-DEC,REGULAR,36,34,70,100,PASS
S1004,MA201,2025-DEC,REGULAR,38,24,62,100,PASS
S1005,CS201,2025-DEC,REGULAR,37,43,80,100,PASS
S1005,MA201,2025-DEC,REGULAR,38,29,67,100,PASS
S1006,CS201,2025-DEC,REGULAR,26,54,80,100,PASS
S1006,MA201,2025-DEC,REGULAR,32,51,83,100,PASS
S1007,CS201,2025-DEC,REGULAR,34,47,81,100,PASS
S1007,MA201,2025-DEC,REGULAR,18,17,35,100,FAIL
S1008,CS201,2025-DEC,REGULAR,27,38,65,100,PASS
S1008,MA201,2025-DEC,REGULAR,30,0,30,100,ABSENT
S1009,CS201,2024-DEC,REGULAR,22,17,39,100,FAIL
S1009,MA201,2024-DEC,REGULAR,29,12,41,100,FAIL
S1009,CS301,2025-DEC,REGULAR,20,8,28,100,FAIL
S1009,CS302,2025-DEC,REGULAR,29,51,80,100,PASS
S1010,CS201,2024-DEC,REGULAR,34,30,64,100,PASS
S1010,MA201,2024-DEC,REGULAR,29,30,59,100,PASS
S1010,CS301,2025-DEC,REGULAR,32,52,84,100,PASS
S1010,CS302,2025-DEC,REGULAR,28,53,81,100,PASS
S1011,CS201,2024-DEC,REGULAR,17,6,23,100,FAIL
S1011,CS201,2024-JUL,REGULAR,34,24,58,100,PASS
S1011,MA201,2024-DEC,REGULAR,37,39,76,100,PASS
S1011,CS301,2025-DEC,REGULAR,31,37,68,100,PASS
S1011,CS302,2025-DEC,REGULAR,26,48,74,100,PASS
S1012,CS201,2024-DEC,REGULAR,36,53,89,100,PASS
S1012,MA201,2024-DEC,REGULAR,35,55,90,100,PASS
S1012,CS301,2025-DEC,REGULAR,27,27,54,100,PASS
S1012,CS302,2025-DEC,REGULAR,24,44,68,100,PASS
S1013,CS201,2024-DEC,REGULAR,26,27,53,100,PASS
S1013,MA201,2024-DEC,REGULAR,33,28,61,100,PASS
S1013,CS301,2025-DEC,REGULAR,38,39,77,100,PASS
S1013,CS302,2025-DEC,REGULAR,30,44,74,100,PASS
S1014,CS201,2024-DEC,REGULAR,26,43,69,100,PASS
S1014,MA201,2024-DEC,REGULAR,25,24,49,100,PASS
S1014,CS301,2025-DEC,REGULAR,25,28,53,100,PASS
S1014,CS302,2025-DEC,REGULAR,38,46,84,100,PASS
S1015,CS201,2024-DEC,REGULAR,32,43,75,100,PASS
S1015,MA201,2024-DEC,REGULAR,32,24,56,100,PASS
S1015,CS301,2025-DEC,REGULAR,34,30,64,100,PASS
S1015,CS302,2025-DEC,REGULAR,35,33,68,100,PASS
S1016,CS201,2024-DEC,REGULAR,34,40,74,100,PASS
S1016,MA201,2024-DEC,REGULAR,37,27,64,100,PASS
S1016,CS301,2025-DEC,REGULAR,24,24,48,100,PASS
S1016,CS302,2025-DEC,REGULAR,28,34,62,100,PASS
S1017,EC201,2025-DEC,REGULAR,16,9,25,100,FAIL
S1017,EC202,2025-DEC,REGULAR,32,33,65,100,PASS
S1018,EC201,2025-DEC,REGULAR,27,30,57,100,PASS
S1018,EC202,2025-DEC,REGULAR,30,33,63,100,PASS
S1019,EC201,2025-DEC,REGULAR,36,50,86,100,PASS
S1019,EC202,2025-DEC,REGULAR,28,34,62,100,PASS
S1020,EC201,2025-DEC,REGULAR,29,43,72,100,PASS
S1020,EC202,2025-DEC,REGULAR,30,45,75,100,PASS
S1021,EC201,2025-DEC,REGULAR,32,45,77,100,PASS
S1021,EC202,2025-DEC,REGULAR,26,40,66,100,PASS
S1022,EC201,2025-DEC,REGULAR,25,48,73,100,PASS
S1022,EC202,2025-DEC,REGULAR,27,5,32,100,FAIL
S1023,EC201,2025-DEC,REGULAR,30,28,58,100,PASS
S1023,EC202,2025-DEC,REGULAR,34,31,65,100,PASS
S1024,EC201,2025-DEC,REGULAR,32,32,64,100,PASS
S1024,EC202,2025-DEC,REGULAR,34,35,69,100,PASS
S1025,EC201,2024-DEC,REGULAR,36,44,80,100,PASS
S1025,EC202,2024-DEC,REGULAR,32,54,86,100,PASS
S1025,EC301,2025-DEC,REGULAR,32,45,77,100,PASS
S1025,EC302,2025-DEC,REGULAR,34,43,77,100,PASS
S1026,EC201,2024-DEC,REGULAR,31,28,59,100,PASS
S1026,EC202,2024-DEC,REGULAR,27,48,75,100,PASS
S1026,EC301,2025-DEC,REGULAR,35,24,59,100,PASS
S1026,EC302,2025-DEC,REGULAR,36,53,89,100,PASS
S1027,EC201,2024-DEC,REGULAR,34,44,78,100,PASS
S1027,EC202,2024-DEC,REGULAR,32,51,83,100,PASS
S1027,EC301,2025-DEC,REGULAR,37,54,91,100,PASS
S1027,EC302,2025-DEC,REGULAR,34,41,75,100,PASS
S1028,EC201,2024-DEC,REGULAR,23,12,35,100,FAIL
S1028,EC202,2024-DEC,REGULAR,25,32,57,100,PASS
S1028,EC301,2025-DEC,REGULAR,35,37,72,100,PASS
S1028,EC302,2025-DEC,REGULAR,31,50,81,100,PASS
S1029,EC201,2024-DEC,REGULAR,35,25,60,100,PASS
S1029,EC202,2024-DEC,REGULAR,25,14,39,100,FAIL
S1029,EC301,2025-DEC,REGULAR,30,38,68,100,PASS
S1029,EC302,2025-DEC,REGULAR,24,48,72,100,PASS
S1030,EC201,2024-DEC,REGULAR,38,32,70,100,PASS
S1030,EC202,2024-DEC,REGULAR,33,25,58,100,PASS
S1030,EC301,2025-DEC,REGULAR,31,35,66,100,PASS
S1030,EC302,2025-DEC,REGULAR,31,44,75,100,PASS
S1031,EC201,2024-DEC,REGULAR,30,40,70,100,PASS
S1031,EC202,2024-DEC,REGULAR,24,46,70,100,PASS
S1031,EC301,2025-DEC,REGULAR,34,26,60,100,PASS
S1031,EC302,2025-DEC,REGULAR,24,33,57,100,PASS
S1032,EC201,2024-DEC,REGULAR,31,40,71,100,PASS
S1032,EC202,2024-DEC,REGULAR,35,31,66,100,PASS
S1032,EC301,2025-DEC,REGULAR,24,43,67,100,PASS
S1032,EC302,2025-DEC,REGULAR,30,36,66,100,PASS
