student_id,full_name,programme,batch_year,current_semester,cgpa,active_backlogs
S1001,Amita Singh,B.Tech CSE,2024,5,7.21,1
S1002,Kavita Rao,B.Tech CSE,2024,5,6.45,1
S1003,Rohan Kumar,B.Tech CSE,2024,5,5.8,0
S1004,Neha Jain,B.Tech CSE,2024,5,6.0,0
S1005,Deepak Agarwal,B.Tech CSE,2024,5,7.72,0
S1006,Priya Desai,B.Tech CSE,2024,5,6.8,0
S1007,Vivek Mehta,B.Tech CSE,2024,5,7.55,1
S1008,Shruti Gupta,B.Tech CSE,2024,5,8.48,1
S1009,Ankit Sharma,B.Tech CSE,2023,7,5.1,3
S1010,Riya Seth,B.Tech CSE,2023,7,8.5,0
S1011,Kushal Bhattacharya,B.Tech CSE,2023,7,6.48,0
S1012,Sonalika Chakraborty,B.Tech CSE,2023,7,8.74,0
S1013,Aarav Mittal,B.Tech CSE,2023,7,8.39,0
S1014,Tanisha Verma,B.Tech CSE,2023,7,6.44,0
S1015,Yash Jain,B.Tech CSE,2023,7,8.86,0
S1016,Hemlata Mishra,B.Tech CSE,2023,7,6.78,0
S1017,Aisha Khan,B.Tech ECE,2024,5,8.18,1
S1018,Kunal Sengupta,B.Tech ECE,2024,5,8.77,0
S1019,Nalini Srinivasan,B.Tech ECE,2024,5,7.03,0
S1020,Rishabh Goyal,B.Tech ECE,2024,5,7.31,0
S1021,Anushka Das,B.Tech ECE,2024,5,8.31,0
S1022,Sarvesh Tiwari,B.Tech ECE,2024,5,8.1,1
S1023,Divya Garg,B.Tech ECE,2024,5,7.59,0
S1024,Shreyansh Bajpai,B.Tech ECE,2024,5,6.86,0
S1025,Komal Saini,B.Tech ECE,2023,7,6.89,0
S1026,Nandini Chaudhary,B.Tech ECE,2023,7,7.4,0
S1027,Vanshika Dubey,B.Tech ECE,2023,7,8.94,0
S1028,Aisha Ali,B.Tech ECE,2023,7,8.17,1
S1029,Kartik Suresh,B.Tech ECE,2023,7,6.63,1
S1030,Shubhi Aggarwal,B.Tech ECE,2023,7,8.43,0
S1031,Ananya Chatterjee,B.Tech ECE,2023,7,7.49,0
S1032,Aarav Kumar,B.Tech ECE,2023,7,6.86,0
