doc_id,title,issuer,authority_level,doc_type,version,effective_from,effective_to,supersedes,scope_programmes,scope_batches,provenance,retrieved_on,synthetic,file
ACAD-REG-2024,Academic Regulations for B.Tech Programmes 2024,Office of the Dean (Academics),1,regulation,3.1,2024-07-01,,ACAD-REG-2021,ALL,ALL,synthetic — modelled on typical Indian university B.Tech regulations,2026-10-05,Y,documents/ACAD-REG-2024.md
ACAD-REG-2021,Academic Regulations for B.Tech Programmes 2021,Office of the Dean (Academics),1,regulation,2.4,2021-07-01,2024-06-30,,ALL,ALL,synthetic — earlier version retained for versioning,2026-10-05,Y,documents/ACAD-REG-2021.md
CIR-ACAD-2026-03,Circular — Revision of Minimum Attendance Requirement,Office of the Dean (Academics),2,circular,1.0,2026-01-15,,ACAD-REG-2024#7.2,ALL,ALL,synthetic — clause-level supersession example,2026-10-05,Y,documents/CIR-ACAD-2026-03.md
CIR-TPC-2025-07,Circular — Eligibility for Campus Placement Drives 2025-26,Training and Placement Cell,2,circular,1.0,2025-07-15,,,ALL,ALL,synthetic — placement policy,2026-10-05,Y,documents/CIR-TPC-2025-07.md
CIR-DSW-2025-02,Circular — Scholarships for the Academic Year 2025-26,Office of the Dean of Student Welfare,2,circular,1.0,2025-08-01,,,ALL,ALL,synthetic — scholarship circular,2026-10-05,Y,documents/CIR-DSW-2025-02.md
CIR-FIN-2027-01,Circular — Revision of Supplementary Examination Fee (upcoming),Finance Office,2,circular,1.0,2027-01-01,,ACAD-REG-2024#5.1,ALL,ALL,synthetic — future-dated circular,2026-10-05,Y,documents/CIR-FIN-2027-01.md
CIR-HOSTEL-2026-01,Circular — Hostel Entry Timings (Chief Warden),Office of the Chief Warden,2,circular,1.0,2026-01-01,,,ALL,ALL,synthetic — unresolved conflict pair (a),2026-10-05,Y,documents/CIR-HOSTEL-2026-01.md
CIR-HOSTEL-2026-02,Circular — Hostel Entry Timings (Dean of Student Welfare),Office of the Dean of Student Welfare,2,circular,1.0,2026-01-01,,,ALL,ALL,synthetic — unresolved conflict pair (b),2026-10-05,Y,documents/CIR-HOSTEL-2026-02.md
NOTICE-CSE-2026-04,Department Notice — Supplementary Examination Schedule Odd Semester 2026,Head Department of CSE,3,notice,1.0,2026-09-01,,,B.Tech CSE,ALL,synthetic — department notice,2026-10-05,Y,documents/NOTICE-CSE-2026-04.md
HBK-2025,Student Handbook and Help-desk FAQ 2025,Office of Student Affairs,4,handbook,2025,2025-07-01,,,ALL,ALL,synthetic — outdated FAQ,2026-10-05,Y,documents/HBK-2025.md
